Test Case ID	Function	Group Tests	Scenario Outline	"Test Case
Summary"	Pre-conditions	Test Data	Test Steps	"Expected
result"	Environment	Priority	Regression	Automation	"Manual Test Results
Round 1"	Manual Test Results Round 2	Automation Test Results	"Actual
result"	BugID	Notes 	Method & Header	"Method &
Header"	Happy Path (Method và Header hoàn toàn hợp lệ)	"Kiểm tra gọi API thành
công khi truyền đầy đủ Method POST và các Header bắt buộc hợp lệ"	"1. Env:
SIT              2. DB: [PENDING_DOC]              3. URL:
http://sit-deposit.apps.uat2ttptnhs.ldapudtest.com/cctg-online-api              4. Endpoint:
/v1/customer/validate              5. Header: Content-Type=application/json,
authToken=valid_token, requestID=REQ001, X-App-Code=WEB, Accept-language=vi              6.
Pre-Data: Dữ liệu khách hàng tồn tại trong hệ thống"	"1. File:
customer_validate.json              2. Body: {""requestCif"": ""6856078""}"	"1. Thiết lập
URL: http://sit-deposit.apps.uat2ttptnhs.ldapudtest.com/cctg-online-api,
Endpoint: /v1/customer/validate.              2. Thiết lập Header:
Content-Type=application/json, authToken=valid_token, requestID=REQ001,
X-App-Code=WEB, Accept-language=vi.              3. Thiết lập dữ liệu Request Body từ file
customer_validate.json.              4. Gọi API customer_validate với Method POST (Giữ
nguyên data).              5. Kiểm tra giá trị trả về của các trường trong Response
Body:              - HTTP Status: 200              - Response Body:              - $.code = ""0""              - $.message =
""SUCCESS""              - $.success = true"	"5.              HTTP Status: 200              Response Body:              {              
""code"": ""0"",               ""message"": ""SUCCESS"",               ""errors"": null,               ""traceId"":
""1735790943042-159b47e0-1aad-470b-b37f-945ec384c2a4"",               ""responseTime"":
""2025-01-02T11:09:03.109+07:00"",               ""success"":
true              }"	SIT	High	Yes	Yes						" ""TD_P1_002_TC_002"""	"Method &
Header"	Method & Header	Gọi API với sai HTTP Method (GET)	"Kiểm tra hệ thống
từ chối request khi sử dụng sai Method GET thay vì POST"	"1. Env: SIT              2. DB:
[PENDING_DOC]              3. URL:
http://sit-deposit.apps.uat2ttptnhs.ldapudtest.com/cctg-online-api              4. Endpoint:
/v1/customer/validate              5. Header: Content-Type=application/json,
authToken=valid_token"	"1. File: customer_validate.json              2. Body:
{""requestCif"": ""6856078""}"	"1. Thiết lập URL:
http://sit-deposit.apps.uat2ttptnhs.ldapudtest.com/cctg-online-api, Endpoint:
/v1/customer/validate.              2. Thiết lập Header: Content-Type=application/json,
authToken=valid_token.              3. Thiết lập dữ liệu Request Body từ file
customer_validate.json.              4. Gọi API customer_validate với Method GET.              5. Kiểm
tra giá trị trả về:              - HTTP Status: 405 (Method Not Allowed) hoặc 404"	"5.              HTTP
Status: 405              Response Body:              {               ""timestamp"":
""2025-01-02T11:09:03.109+07:00"",               ""status"": 405,               ""error"": ""Method Not
Allowed"",               ""path"":
""/v1/customer/validate""              }"	SIT	Medium	No	Yes
TD_P1_003_TC_003	Method & Header	Method & Header	"Gọi API với sai HTTP
Method (PUT)"	"Kiểm tra hệ thống từ chối request khi sử dụng sai Method PUT thay
vì POST"	"1. Env: SIT              2. DB: [PENDING_DOC]              3. URL:
http://sit-deposit.apps.uat2ttptnhs.ldapudtest.com/cctg-online-api              4. Endpoint:
/v1/customer/validate              5. Header: Content-Type=application/json,
authToken=valid_token"	"1. File: customer_validate.json              2. Body:
{""requestCif"": ""6856078""}"	"1. Thiết lập URL:
http://sit-deposit.apps.uat2ttptnhs.ldapudtest.com/cctg-online-api, Endpoint:
/v1/customer/validate.              2. Thiết lập Header: Content-Type=application/json,
authToken=valid_token.              3. Thiết lập dữ liệu Request Body từ file
customer_validate.json.              4. Gọi API customer_validate với Method PUT.              5. Kiểm
tra giá trị trả về:              - HTTP Status: 405 (Method Not Allowed)"	"5.              HTTP
Status: 405              Response Body:              {               ""timestamp"":
""2025-01-02T11:09:03.109+07:00"",               ""status"": 405,               ""error"": ""Method Not
Allowed"",               ""path"":
""/v1/customer/validate""              }"	SIT	Medium	No	Yes
TD_P1_004_TC_004	Method & Header	Method & Header	"Header 'authToken' bị
Missing"	Kiểm tra lỗi 401 khi request không truyền header authToken	"1. Env:
SIT              2. DB: [PENDING_DOC]              3. URL:
http://sit-deposit.apps.uat2ttptnhs.ldapudtest.com/cctg-online-api              4. Endpoint:
/v1/customer/validate              5. Header: Content-Type=application/json"	"1. File:
customer_validate.json              2. Body: {""requestCif"": ""6856078""}"	"1. Thiết lập
URL: http://sit-deposit.apps.uat2ttptnhs.ldapudtest.com/cctg-online-api,
Endpoint: /v1/customer/validate.              2. Thiết lập Header:
Content-Type=application/json (KHÔNG truyền authToken).              3. Thiết lập dữ liệu
Request Body từ file customer_validate.json.              4. Gọi API customer_validate với
Method POST.              5. Kiểm tra giá trị trả về:              - HTTP Status: 401
(Unauthorized)"	"5.              HTTP Status: 401              Response Body:              {               ""timestamp"":
""2025-01-02T11:09:03.109+07:00"",               ""status"": 401,               ""error"":
""Unauthorized"",               ""message"": ""Full authentication is required to access
this resource"",               ""path"":
""/v1/customer/validate""              }"	SIT	High	Yes	Yes
TD_P1_005_TC_005	Method & Header	Method & Header	"Header 'authToken' không
hợp lệ hoặc hết hạn"	"Kiểm tra lỗi 401 khi truyền authToken sai định dạng
""invalid_token_123"""	"1. Env: SIT              2. DB: [PENDING_DOC]              3. URL:
http://sit-deposit.apps.uat2ttptnhs.ldapudtest.com/cctg-online-api              4. Endpoint:
/v1/customer/validate              5. Header: Content-Type=application/json,
authToken=invalid_token_123"	"1. File: customer_validate.json              2. Body:
{""requestCif"": ""6856078""}"	"1. Thiết lập URL:
http://sit-deposit.apps.uat2ttptnhs.ldapudtest.com/cctg-online-api, Endpoint:
/v1/customer/validate.              2. Thiết lập Header: Content-Type=application/json,
authToken=invalid_token_123.              3. Thiết lập dữ liệu Request Body từ file
customer_validate.json.              4. Gọi API customer_validate với Method POST.              5. Kiểm
tra giá trị trả về:              - HTTP Status: 401 (Unauthorized)"	"5.              HTTP
Status: 401              Response Body:              {               ""timestamp"":
""2025-01-02T11:09:03.109+07:00"",               ""status"": 401,               ""error"":
""Unauthorized"",               ""message"": ""Invalid token"",               ""path"":
""/v1/customer/validate""              }"	SIT	High	Yes	Yes
TD_P1_006_TC_006	Method & Header	Method & Header	"Truyền sai Content-Type
(text/plain)"	"Kiểm tra lỗi 415 khi Header Content-Type truyền là 'text/plain'
thay vì 'application/json'"	"1. Env: SIT              2. DB: [PENDING_DOC]              3. URL:
http://sit-deposit.apps.uat2ttptnhs.ldapudtest.com/cctg-online-api              4. Endpoint:
/v1/customer/validate              5. Header: Content-Type=text/plain,
authToken=valid_token"	"1. File: customer_validate.json              2. Body:
{""requestCif"": ""6856078""}"	"1. Thiết lập URL:
http://sit-deposit.apps.uat2ttptnhs.ldapudtest.com/cctg-online-api, Endpoint:
/v1/customer/validate.              2. Thiết lập Header: Content-Type=text/plain,
authToken=valid_token.              3. Thiết lập dữ liệu Request Body từ file
customer_validate.json.              4. Gọi API customer_validate với Method POST.              5. Kiểm
tra giá trị trả về:              - HTTP Status: 415 (Unsupported Media Type)"	"5.              HTTP
Status: 415              Response Body:              {               ""timestamp"":
""2025-01-02T11:09:03.109+07:00"",               ""status"": 415,               ""error"": ""Unsupported
Media Type"",               ""path"":
""/v1/customer/validate""              }"	SIT	Medium	No	Yes
TD_P1_007_TC_007	Method & Header	Method & Header	"Truyền sai Content-Type
(application/xml)"	"Kiểm tra lỗi 415 khi Header Content-Type truyền là
'application/xml' thay vì 'application/json'"	"1. Env: SIT              2. DB:
[PENDING_DOC]              3. URL:
http://sit-deposit.apps.uat2ttptnhs.ldapudtest.com/cctg-online-api              4. Endpoint:
/v1/customer/validate              5. Header: Content-Type=application/xml,
authToken=valid_token"	"1. File: customer_validate.json              2. Body:
{""requestCif"": ""6856078""}"	"1. Thiết lập URL:
http://sit-deposit.apps.uat2ttptnhs.ldapudtest.com/cctg-online-api, Endpoint:
/v1/customer/validate.              2. Thiết lập Header: Content-Type=application/xml,
authToken=valid_token.              3. Thiết lập dữ liệu Request Body từ file
customer_validate.json.              4. Gọi API customer_validate với Method POST.              5. Kiểm
tra giá trị trả về:              - HTTP Status: 415 (Unsupported Media Type)"	"5.              HTTP
Status: 415              Response Body:              {               ""timestamp"":
""2025-01-02T11:09:03.109+07:00"",               ""status"": 415,               ""error"": ""Unsupported
Media Type"",               ""path"":
""/v1/customer/validate""              }"	SIT	Medium	No	Yes
TD_P1_008_TC_008	Method & Header	Method & Header	"Header 'requestID' bị
Missing"	"Kiểm tra lỗi 400 khi thiếu header bắt buộc requestID [ASSUMPTION:
Header này bắt buộc để tracking log]"	"1. Env: SIT              2. DB: [PENDING_DOC]              3.
URL: http://sit-deposit.apps.uat2ttptnhs.ldapudtest.com/cctg-online-api              4.
Endpoint: /v1/customer/validate              5. Header: Content-Type=application/json,
authToken=valid_token"	"1. File: customer_validate.json              2. Body:
{""requestCif"": ""6856078""}"	"1. Thiết lập URL:
http://sit-deposit.apps.uat2ttptnhs.ldapudtest.com/cctg-online-api, Endpoint:
/v1/customer/validate.              2. Thiết lập Header: Content-Type=application/json,
authToken=valid_token (KHÔNG truyền requestID).              3. Thiết lập dữ liệu Request
Body từ file customer_validate.json.              4. Gọi API customer_validate với Method
POST.              5. Kiểm tra giá trị trả về:              - HTTP Status: 400 (Bad Request)              -
$.message chứa nội dung liên quan đến missing header requestID"	"5.              HTTP
Status: 400              Response Body:              {               ""code"": ""BAD_REQUEST"",               ""message"":
""Missing request header 'requestID'"",               ""success"":
false              }"	SIT	Medium	Yes	Yes
TD_P1_009_TC_009	Method & Header	Method & Header	"Header 'X-App-Code' bị
Missing"	"Kiểm tra lỗi 400 khi thiếu header bắt buộc X-App-Code [ASSUMPTION:
Header này bắt buộc để xác định nguồn gọi API]"	"1. Env: SIT              2. DB:
[PENDING_DOC]              3. URL:
http://sit-deposit.apps.uat2ttptnhs.ldapudtest.com/cctg-online-api              4. Endpoint:
/v1/customer/validate              5. Header: Content-Type=application/json,
authToken=valid_token, requestID=REQ001"	"1. File: customer_validate.json              2.
Body: {""requestCif"": ""6856078""}"	"1. Thiết lập URL:
http://sit-deposit.apps.uat2ttptnhs.ldapudtest.com/cctg-online-api, Endpoint:
/v1/customer/validate.              2. Thiết lập Header: Content-Type=application/json,
authToken=valid_token, requestID=REQ001 (KHÔNG truyền X-App-Code).              3. Thiết lập
dữ liệu Request Body từ file customer_validate.json.              4. Gọi API
customer_validate với Method POST.              5. Kiểm tra giá trị trả về:              - HTTP
Status: 400 (Bad Request)              - $.message chứa nội dung liên quan đến missing
header X-App-Code"	"5.              HTTP Status: 400              Response Body:              {               ""code"":
""BAD_REQUEST"",               ""message"": ""Missing request header 'X-App-Code'"",              
""success"": false              }"	SIT	Medium	Yes	Yes
TD_P1_010_TC_010	Method & Header	Method & Header	"Header 'Accept-language'
bị Missing"	"Kiểm tra API tự động dùng ngôn ngữ mặc định (vi) khi thiếu header
Accept-language [ASSUMPTION: Hệ thống tự động dùng ngôn ngữ mặc định là
'vi']"	"1. Env: SIT              2. DB: [PENDING_DOC]              3. URL:
http://sit-deposit.apps.uat2ttptnhs.ldapudtest.com/cctg-online-api              4. Endpoint:
/v1/customer/validate              5. Header: Content-Type=application/json,
authToken=valid_token, requestID=REQ001, X-App-Code=WEB"	"1. File:
customer_validate.json              2. Body: {""requestCif"": ""6856078""}"	"1. Thiết lập
URL: http://sit-deposit.apps.uat2ttptnhs.ldapudtest.com/cctg-online-api,
Endpoint: /v1/customer/validate.              2. Thiết lập Header:
Content-Type=application/json, authToken=valid_token, requestID=REQ001,
X-App-Code=WEB (KHÔNG truyền Accept-language).              3. Thiết lập dữ liệu Request
Body từ file customer_validate.json.              4. Gọi API customer_validate với Method
POST.              5. Kiểm tra giá trị trả về của các trường trong Response Body:              - HTTP
Status: 200              - Response Body:              - $.message = ""SUCCESS"" (Ngôn ngữ tiếng
Việt)"	"5.              HTTP Status: 200              Response Body:              {               ""code"": ""0"",              
""message"": ""SUCCESS"",               ""success"":
true              }"	SIT	Low	No	Yes						" ""TD_P1_011_TC_011"""	"Method &
Header"	Method & Header	"Header 'Accept-language' với giá trị không hỗ trợ (Ví
dụ: fr)"	"Kiểm tra API fallback về ngôn ngữ mặc định khi truyền ngôn ngữ không
hỗ trợ 'fr' [ASSUMPTION: Hệ thống tự động fallback về ngôn ngữ mặc định 'vi'
hoặc 'en']"	"1. Env: SIT              2. DB: [PENDING_DOC]              3. URL:
http://sit-deposit.apps.uat2ttptnhs.ldapudtest.com/cctg-online-api              4. Endpoint:
/v1/customer/validate              5. Header: Content-Type=application/json,
authToken=valid_token, requestID=REQ001, X-App-Code=WEB, Accept-language=fr"	"1.
File: customer_validate.json              2. Body: {""requestCif"": ""6856078""}"	"1. Thiết
lập URL: http://sit-deposit.apps.uat2ttptnhs.ldapudtest.com/cctg-online-api,
Endpoint: /v1/customer/validate.              2. Thiết lập Header:
Content-Type=application/json, authToken=valid_token, requestID=REQ001,
X-App-Code=WEB, Accept-language=fr.              3. Thiết lập dữ liệu Request Body từ file
customer_validate.json.              4. Gọi API customer_validate với Method POST.              5. Kiểm
tra giá trị trả về của các trường trong Response Body:              - HTTP Status: 200              -
Response Body:              - $.message = ""SUCCESS"" (Fallback về tiếng Việt hoặc
Anh)"	"5.              HTTP Status: 200              Response Body:              {               ""code"": ""0"",               ""message"":
""SUCCESS"",               ""success"": true              }"	SIT	Low	No	Yes
